model,augmentation,phase,epoch,loss,accuracy,TP,TN,FP,FN,date,time,transformations
ORCA__Size-640x640_Epoch-1_Images-4181_Batch-1__random_9_operations_all.pth,random_9_operations,train,1,0.40345919276341524,0.8191885877425417,558676404,844214854,150289568,159356774,2024-10-17 20:05:12.475366,6033.660599946976,[None 'horizontal_flip' 'vertical_flip' 'rotation' 'transpose' 'elastic_transformation' 'grid_distortion' 'optical_distortion' 'color_transfer' 'inpainting']
ORCA__Size-640x640_Epoch-1_Images-4181_Batch-1__random_9_operations_all.pth,random_9_operations,test,1,0.3915462070846167,0.8255554267323133,666392017,848846943,89188371,230990269,2024-10-17 20:05:12.475398,6033.660599946976,[None 'horizontal_flip' 'vertical_flip' 'rotation' 'transpose' 'elastic_transformation' 'grid_distortion' 'optical_distortion' 'color_transfer' 'inpainting']
ORCA__Size-640x640_Epoch-2_Images-4181_Batch-1__random_9_operations_all.pth,random_9_operations,train,2,0.38302414636622156,0.8269167625867038,564302645,851823403,147168639,149242913,2024-10-17 22:05:35.943626,13257.128859519958,[None 'horizontal_flip' 'vertical_flip' 'rotation' 'transpose' 'elastic_transformation' 'grid_distortion' 'optical_distortion' 'color_transfer' 'inpainting']
ORCA__Size-640x640_Epoch-2_Images-4181_Batch-1__random_9_operations_all.pth,random_9_operations,test,2,0.35964549489276093,0.8385621975075325,626616780,912495036,128963608,167342176,2024-10-17 22:05:35.943659,13257.128859519958,[None 'horizontal_flip' 'vertical_flip' 'rotation' 'transpose' 'elastic_transformation' 'grid_distortion' 'optical_distortion' 'color_transfer' 'inpainting']
ORCA__Size-640x640_Epoch-3_Images-4181_Batch-1__random_9_operations_all.pth,random_9_operations,train,3,0.3659116901765597,0.8353855395642126,573804605,856824542,137554582,144353871,2024-10-18 00:05:58.856754,20480.041985988617,[None 'horizontal_flip' 'vertical_flip' 'rotation' 'transpose' 'elastic_transformation' 'grid_distortion' 'optical_distortion' 'color_transfer' 'inpainting']
ORCA__Size-640x640_Epoch-3_Images-4181_Batch-1__random_9_operations_all.pth,random_9_operations,test,3,0.353760184710598,0.8433861558263394,620184357,927781437,135396031,152055775,2024-10-18 00:05:58.856786,20480.041985988617,[None 'horizontal_flip' 'vertical_flip' 'rotation' 'transpose' 'elastic_transformation' 'grid_distortion' 'optical_distortion' 'color_transfer' 'inpainting']
ORCA__Size-640x640_Epoch-4_Images-4181_Batch-1__random_9_operations_all.pth,random_9_operations,train,4,0.34579729751247845,0.8455499820850635,579805138,868230999,129155105,135346358,2024-10-18 02:06:08.280744,27689.46597623825,[None 'horizontal_flip' 'vertical_flip' 'rotation' 'transpose' 'elastic_transformation' 'grid_distortion' 'optical_distortion' 'color_transfer' 'inpainting']
ORCA__Size-640x640_Epoch-4_Images-4181_Batch-1__random_9_operations_all.pth,random_9_operations,test,4,0.36297338274930024,0.8383625208780846,640753690,897991636,114826698,181845576,2024-10-18 02:06:08.280776,27689.46597623825,[None 'horizontal_flip' 'vertical_flip' 'rotation' 'transpose' 'elastic_transformation' 'grid_distortion' 'optical_distortion' 'color_transfer' 'inpainting']
ORCA__Size-640x640_Epoch-5_Images-4181_Batch-1__random_9_operations_all.pth,random_9_operations,train,5,0.3306564584042974,0.8534261618547845,590029172,871495219,120277045,130736164,2024-10-18 04:06:21.307438,34902.492670059204,[None 'horizontal_flip' 'vertical_flip' 'rotation' 'transpose' 'elastic_transformation' 'grid_distortion' 'optical_distortion' 'color_transfer' 'inpainting']
ORCA__Size-640x640_Epoch-5_Images-4181_Batch-1__random_9_operations_all.pth,random_9_operations,test,5,0.34647204908647294,0.8469383517952542,632366240,922119317,123214148,157717895,2024-10-18 04:06:21.307471,34902.492670059204,[None 'horizontal_flip' 'vertical_flip' 'rotation' 'transpose' 'elastic_transformation' 'grid_distortion' 'optical_distortion' 'color_transfer' 'inpainting']
ORCA__Size-640x640_Epoch-6_Images-4181_Batch-1__random_9_operations_all.pth,random_9_operations,train,6,0.3247898629443536,0.85893004918549,594993441,875956564,115827855,125759740,2024-10-18 06:06:33.021976,42114.20720791817,[None 'horizontal_flip' 'vertical_flip' 'rotation' 'transpose' 'elastic_transformation' 'grid_distortion' 'optical_distortion' 'color_transfer' 'inpainting']
ORCA__Size-640x640_Epoch-6_Images-4181_Batch-1__random_9_operations_all.pth,random_9_operations,test,6,0.347202358495538,0.848476119549034,610174186,947133817,145406202,132703395,2024-10-18 06:06:33.022007,42114.20720791817,[None 'horizontal_flip' 'vertical_flip' 'rotation' 'transpose' 'elastic_transformation' 'grid_distortion' 'optical_distortion' 'color_transfer' 'inpainting']
ORCA__Size-640x640_Epoch-7_Images-4181_Batch-1__random_9_operations_all.pth,random_9_operations,train,7,0.3170760279678163,0.8623520301101719,595319927,881490349,115043017,120684307,2024-10-18 08:07:00.667833,49341.853065013885,[None 'horizontal_flip' 'vertical_flip' 'rotation' 'transpose' 'elastic_transformation' 'grid_distortion' 'optical_distortion' 'color_transfer' 'inpainting']
ORCA__Size-640x640_Epoch-7_Images-4181_Batch-1__random_9_operations_all.pth,random_9_operations,test,7,0.3569622894524996,0.8409428682606085,640782035,902699306,114798353,177137906,2024-10-18 08:07:00.667866,49341.853065013885,[None 'horizontal_flip' 'vertical_flip' 'rotation' 'transpose' 'elastic_transformation' 'grid_distortion' 'optical_distortion' 'color_transfer' 'inpainting']
ORCA__Size-640x640_Epoch-8_Images-4181_Batch-1__random_9_operations_all.pth,random_9_operations,train,8,0.3091912770956127,0.86637970226172,599134516,884573300,109950305,118879479,2024-10-18 10:07:11.310615,56552.495846033096,[None 'horizontal_flip' 'vertical_flip' 'rotation' 'transpose' 'elastic_transformation' 'grid_distortion' 'optical_distortion' 'color_transfer' 'inpainting']
ORCA__Size-640x640_Epoch-8_Images-4181_Batch-1__random_9_operations_all.pth,random_9_operations,test,8,0.34189443313677753,0.8500298983729924,667740136,892419700,87840252,187417512,2024-10-18 10:07:11.310647,56552.495846033096,[None 'horizontal_flip' 'vertical_flip' 'rotation' 'transpose' 'elastic_transformation' 'grid_distortion' 'optical_distortion' 'color_transfer' 'inpainting']
ORCA__Size-640x640_Epoch-9_Images-4181_Batch-1__random_9_operations_all.pth,random_9_operations,train,9,0.3128689364467776,0.8632102588579691,599650169,878629856,111751244,122506331,2024-10-18 12:07:33.118833,63774.30406522751,[None 'horizontal_flip' 'vertical_flip' 'rotation' 'transpose' 'elastic_transformation' 'grid_distortion' 'optical_distortion' 'color_transfer' 'inpainting']
ORCA__Size-640x640_Epoch-9_Images-4181_Batch-1__random_9_operations_all.pth,random_9_operations,test,9,0.3247040435675963,0.8590956101761249,637489591,939309612,118090797,140527600,2024-10-18 12:07:33.118865,63774.30406522751,[None 'horizontal_flip' 'vertical_flip' 'rotation' 'transpose' 'elastic_transformation' 'grid_distortion' 'optical_distortion' 'color_transfer' 'inpainting']
ORCA__Size-640x640_Epoch-10_Images-4181_Batch-1__random_9_operations_all.pth,random_9_operations,train,10,0.30465665082804744,0.8672114492551873,603189824,881942390,107458630,119946756,2024-10-18 14:07:48.911570,70990.09680199623,[None 'horizontal_flip' 'vertical_flip' 'rotation' 'transpose' 'elastic_transformation' 'grid_distortion' 'optical_distortion' 'color_transfer' 'inpainting']
ORCA__Size-640x640_Epoch-10_Images-4181_Batch-1__random_9_operations_all.pth,random_9_operations,test,10,0.35033670690387014,0.8449501900820818,657816262,893020188,97764126,186817024,2024-10-18 14:07:48.911603,70990.09680199623,[None 'horizontal_flip' 'vertical_flip' 'rotation' 'transpose' 'elastic_transformation' 'grid_distortion' 'optical_distortion' 'color_transfer' 'inpainting']
ORCA__Size-640x640_Epoch-11_Images-4181_Batch-1__random_9_operations_all.pth,random_9_operations,train,11,0.2993381059963788,0.8717133953730448,604824839,888017127,105274251,114421383,2024-10-18 16:08:03.129935,78204.31516623497,[None 'horizontal_flip' 'vertical_flip' 'rotation' 'transpose' 'elastic_transformation' 'grid_distortion' 'optical_distortion' 'color_transfer' 'inpainting']
ORCA__Size-640x640_Epoch-11_Images-4181_Batch-1__random_9_operations_all.pth,random_9_operations,test,11,0.3503499959388287,0.8485265396823035,653507788,903892757,102072600,175944455,2024-10-18 16:08:03.129968,78204.31516623497,[None 'horizontal_flip' 'vertical_flip' 'rotation' 'transpose' 'elastic_transformation' 'grid_distortion' 'optical_distortion' 'color_transfer' 'inpainting']
ORCA__Size-640x640_Epoch-12_Images-4181_Batch-1__random_9_operations_all.pth,random_9_operations,train,12,0.29826387342948113,0.8694304854970782,602318141,886614256,108047240,115557963,2024-10-18 18:08:21.651373,85422.83660292625,[None 'horizontal_flip' 'vertical_flip' 'rotation' 'transpose' 'elastic_transformation' 'grid_distortion' 'optical_distortion' 'color_transfer' 'inpainting']
ORCA__Size-640x640_Epoch-12_Images-4181_Batch-1__random_9_operations_all.pth,random_9_operations,test,12,0.34152543906906413,0.8532455513121384,642893615,923168287,112686773,156668925,2024-10-18 18:08:21.651407,85422.83660292625,[None 'horizontal_flip' 'vertical_flip' 'rotation' 'transpose' 'elastic_transformation' 'grid_distortion' 'optical_distortion' 'color_transfer' 'inpainting']
ORCA__Size-640x640_Epoch-13_Images-4181_Batch-1__random_9_operations_all.pth,random_9_operations,train,13,0.2927258964749381,0.8751589384081272,608556131,890186457,100516708,113278304,2024-10-18 20:08:34.836097,92636.02132821083,[None 'horizontal_flip' 'vertical_flip' 'rotation' 'transpose' 'elastic_transformation' 'grid_distortion' 'optical_distortion' 'color_transfer' 'inpainting']
ORCA__Size-640x640_Epoch-13_Images-4181_Batch-1__random_9_operations_all.pth,random_9_operations,test,13,0.36171436189476186,0.8419976827071934,667839336,877578030,87741052,202259182,2024-10-18 20:08:34.836129,92636.02132821083,[None 'horizontal_flip' 'vertical_flip' 'rotation' 'transpose' 'elastic_transformation' 'grid_distortion' 'optical_distortion' 'color_transfer' 'inpainting']
ORCA__Size-640x640_Epoch-14_Images-4181_Batch-1__random_9_operations_all.pth,random_9_operations,train,14,0.2921288782791732,0.8736680782950376,609372193,886817241,100401495,115946671,2024-10-18 22:08:48.301548,99849.48677873611,[None 'horizontal_flip' 'vertical_flip' 'rotation' 'transpose' 'elastic_transformation' 'grid_distortion' 'optical_distortion' 'color_transfer' 'inpainting']
ORCA__Size-640x640_Epoch-14_Images-4181_Batch-1__random_9_operations_all.pth,random_9_operations,test,14,0.3335425818756329,0.8557534944636053,641808339,928856686,113772049,150980526,2024-10-18 22:08:48.301581,99849.48677873611,[None 'horizontal_flip' 'vertical_flip' 'rotation' 'transpose' 'elastic_transformation' 'grid_distortion' 'optical_distortion' 'color_transfer' 'inpainting']
ORCA__Size-640x640_Epoch-15_Images-4181_Batch-1__random_9_operations_all.pth,random_9_operations,train,15,0.29071006497033647,0.8768639363013118,611613523,890048938,100423783,110451356,2024-10-19 00:09:14.741517,107075.92674922943,[None 'horizontal_flip' 'vertical_flip' 'rotation' 'transpose' 'elastic_transformation' 'grid_distortion' 'optical_distortion' 'color_transfer' 'inpainting']
ORCA__Size-640x640_Epoch-15_Images-4181_Batch-1__random_9_operations_all.pth,random_9_operations,test,15,0.34265036045252956,0.8482998299678511,639218853,917765585,116361535,162071627,2024-10-19 00:09:14.741550,107075.92674922943,[None 'horizontal_flip' 'vertical_flip' 'rotation' 'transpose' 'elastic_transformation' 'grid_distortion' 'optical_distortion' 'color_transfer' 'inpainting']
ORCA__Size-640x640_Epoch-16_Images-4181_Batch-1__random_9_operations_all.pth,random_9_operations,train,16,0.2859598915786517,0.8774683312062758,611889051,890808459,98670389,111169701,2024-10-19 02:09:22.680225,114283.86545681953,[None 'horizontal_flip' 'vertical_flip' 'rotation' 'transpose' 'elastic_transformation' 'grid_distortion' 'optical_distortion' 'color_transfer' 'inpainting']
ORCA__Size-640x640_Epoch-16_Images-4181_Batch-1__random_9_operations_all.pth,random_9_operations,test,16,0.3652549652811709,0.8395693301622504,660392123,880568202,95188265,199269010,2024-10-19 02:09:22.680257,114283.86545681953,[None 'horizontal_flip' 'vertical_flip' 'rotation' 'transpose' 'elastic_transformation' 'grid_distortion' 'optical_distortion' 'color_transfer' 'inpainting']
ORCA__Size-640x640_Epoch-17_Images-4181_Batch-1__random_9_operations_all.pth,random_9_operations,train,17,0.29084436509446826,0.8757319833444827,611161744,888562205,98967825,113845826,2024-10-19 04:09:41.306697,121502.49192786217,[None 'horizontal_flip' 'vertical_flip' 'rotation' 'transpose' 'elastic_transformation' 'grid_distortion' 'optical_distortion' 'color_transfer' 'inpainting']
ORCA__Size-640x640_Epoch-17_Images-4181_Batch-1__random_9_operations_all.pth,random_9_operations,test,17,0.34024068783624506,0.8542332480630028,656131211,911743527,99449177,168093685,2024-10-19 04:09:41.306730,121502.49192786217,[None 'horizontal_flip' 'vertical_flip' 'rotation' 'transpose' 'elastic_transformation' 'grid_distortion' 'optical_distortion' 'color_transfer' 'inpainting']
ORCA__Size-640x640_Epoch-18_Images-4181_Batch-1__random_9_operations_all.pth,random_9_operations,train,18,0.28079389778699365,0.8803349847617948,613445492,894161270,96086550,108844288,2024-10-19 06:10:10.441773,128731.62700510025,[None 'horizontal_flip' 'vertical_flip' 'rotation' 'transpose' 'elastic_transformation' 'grid_distortion' 'optical_distortion' 'color_transfer' 'inpainting']
ORCA__Size-640x640_Epoch-18_Images-4181_Batch-1__random_9_operations_all.pth,random_9_operations,test,18,0.3289945597839981,0.8570851728783717,657681187,915428024,97899201,164409188,2024-10-19 06:10:10.441805,128731.62700510025,[None 'horizontal_flip' 'vertical_flip' 'rotation' 'transpose' 'elastic_transformation' 'grid_distortion' 'optical_distortion' 'color_transfer' 'inpainting']
ORCA__Size-640x640_Epoch-19_Images-4181_Batch-1__random_9_operations_all.pth,random_9_operations,train,19,0.28086174983500944,0.8812066970091643,615758238,893341364,94433733,109004265,2024-10-19 08:10:06.775748,135927.96097946167,[None 'horizontal_flip' 'vertical_flip' 'rotation' 'transpose' 'elastic_transformation' 'grid_distortion' 'optical_distortion' 'color_transfer' 'inpainting']
ORCA__Size-640x640_Epoch-19_Images-4181_Batch-1__random_9_operations_all.pth,random_9_operations,test,19,0.3296352237322915,0.8570317180133835,667300114,905710985,88280274,174126227,2024-10-19 08:10:06.775782,135927.96097946167,[None 'horizontal_flip' 'vertical_flip' 'rotation' 'transpose' 'elastic_transformation' 'grid_distortion' 'optical_distortion' 'color_transfer' 'inpainting']
ORCA__Size-640x640_Epoch-20_Images-4181_Batch-1__random_9_operations_all.pth,random_9_operations,train,20,0.2801097191317121,0.8810597268054147,612955041,895892869,96639442,107050248,2024-10-19 10:10:17.257569,143138.44279766083,[None 'horizontal_flip' 'vertical_flip' 'rotation' 'transpose' 'elastic_transformation' 'grid_distortion' 'optical_distortion' 'color_transfer' 'inpainting']
ORCA__Size-640x640_Epoch-20_Images-4181_Batch-1__random_9_operations_all.pth,random_9_operations,test,20,0.34742074128892125,0.8542325054527092,655818193,912055182,99762195,167782030,2024-10-19 10:10:17.257602,143138.44279766083,[None 'horizontal_flip' 'vertical_flip' 'rotation' 'transpose' 'elastic_transformation' 'grid_distortion' 'optical_distortion' 'color_transfer' 'inpainting']
ORCA__Size-640x640_Epoch-21_Images-4181_Batch-1__random_9_operations_all.pth,random_9_operations,train,21,0.28416575887669265,0.8774422085681496,613131350,889521424,98303691,111581135,2024-10-19 12:10:36.206247,150357.39147901535,[None 'horizontal_flip' 'vertical_flip' 'rotation' 'transpose' 'elastic_transformation' 'grid_distortion' 'optical_distortion' 'color_transfer' 'inpainting']
ORCA__Size-640x640_Epoch-21_Images-4181_Batch-1__random_9_operations_all.pth,random_9_operations,test,21,0.3333799433473583,0.8558714725193881,661564232,909317332,94016156,170519880,2024-10-19 12:10:36.206282,150357.39147901535,[None 'horizontal_flip' 'vertical_flip' 'rotation' 'transpose' 'elastic_transformation' 'grid_distortion' 'optical_distortion' 'color_transfer' 'inpainting']
ORCA__Size-640x640_Epoch-22_Images-4181_Batch-1__random_9_operations_all.pth,random_9_operations,train,22,0.27388709285783214,0.8844844130721575,618291228,896421586,91994970,105829816,2024-10-19 14:10:46.797196,157567.98242855072,[None 'horizontal_flip' 'vertical_flip' 'rotation' 'transpose' 'elastic_transformation' 'grid_distortion' 'optical_distortion' 'color_transfer' 'inpainting']
ORCA__Size-640x640_Epoch-22_Images-4181_Batch-1__random_9_operations_all.pth,random_9_operations,test,22,0.33563714823649216,0.8578744466654348,645613713,928944145,109966675,150893067,2024-10-19 14:10:46.797227,157567.98242855072,[None 'horizontal_flip' 'vertical_flip' 'rotation' 'transpose' 'elastic_transformation' 'grid_distortion' 'optical_distortion' 'color_transfer' 'inpainting']
ORCA__Size-640x640_Epoch-23_Images-4181_Batch-1__random_9_operations_all.pth,random_9_operations,train,23,0.2679495084799133,0.886760964547582,620120378,898491116,88866193,105059913,2024-10-19 16:10:55.752509,164776.93774032593,[None 'horizontal_flip' 'vertical_flip' 'rotation' 'transpose' 'elastic_transformation' 'grid_distortion' 'optical_distortion' 'color_transfer' 'inpainting']
ORCA__Size-640x640_Epoch-23_Images-4181_Batch-1__random_9_operations_all.pth,random_9_operations,test,23,0.3428762913208735,0.8508174570190475,676909336,884695999,78671052,195141213,2024-10-19 16:10:55.752541,164776.93774032593,[None 'horizontal_flip' 'vertical_flip' 'rotation' 'transpose' 'elastic_transformation' 'grid_distortion' 'optical_distortion' 'color_transfer' 'inpainting']
ORCA__Size-640x640_Epoch-24_Images-4181_Batch-1__random_9_operations_all.pth,random_9_operations,train,24,0.2682178615816508,0.8868214899340028,619165688,899549458,90556674,103265780,2024-10-19 18:10:58.595347,171979.78057813644,[None 'horizontal_flip' 'vertical_flip' 'rotation' 'transpose' 'elastic_transformation' 'grid_distortion' 'optical_distortion' 'color_transfer' 'inpainting']
ORCA__Size-640x640_Epoch-24_Images-4181_Batch-1__random_9_operations_all.pth,random_9_operations,test,24,0.3353364422862912,0.8570802857071901,642046973,931053268,113533415,148783944,2024-10-19 18:10:58.595379,171979.78057813644,[None 'horizontal_flip' 'vertical_flip' 'rotation' 'transpose' 'elastic_transformation' 'grid_distortion' 'optical_distortion' 'color_transfer' 'inpainting']
ORCA__Size-640x640_Epoch-25_Images-4181_Batch-1__random_9_operations_all.pth,random_9_operations,train,25,0.26870768539129947,0.8864435180868425,618774978,899292877,91360859,103108886,2024-10-19 20:11:16.076209,179197.26143980026,[None 'horizontal_flip' 'vertical_flip' 'rotation' 'transpose' 'elastic_transformation' 'grid_distortion' 'optical_distortion' 'color_transfer' 'inpainting']
ORCA__Size-640x640_Epoch-25_Images-4181_Batch-1__random_9_operations_all.pth,random_9_operations,test,25,0.34517611656441893,0.8501204930147778,657824506,902501609,97755882,177335603,2024-10-19 20:11:16.076242,179197.26143980026,[None 'horizontal_flip' 'vertical_flip' 'rotation' 'transpose' 'elastic_transformation' 'grid_distortion' 'optical_distortion' 'color_transfer' 'inpainting']
ORCA__Size-640x640_Epoch-26_Images-4181_Batch-1__random_9_operations_all.pth,random_9_operations,train,26,0.2724570934856754,0.8852517433777812,620497989,895528907,89646239,106864465,2024-10-19 22:11:30.993413,186412.17864513397,[None 'horizontal_flip' 'vertical_flip' 'rotation' 'transpose' 'elastic_transformation' 'grid_distortion' 'optical_distortion' 'color_transfer' 'inpainting']
ORCA__Size-640x640_Epoch-26_Images-4181_Batch-1__random_9_operations_all.pth,random_9_operations,test,26,0.34413175921844763,0.8502048857981979,672546847,887934164,83033541,191903048,2024-10-19 22:11:30.993445,186412.17864513397,[None 'horizontal_flip' 'vertical_flip' 'rotation' 'transpose' 'elastic_transformation' 'grid_distortion' 'optical_distortion' 'color_transfer' 'inpainting']
ORCA__Size-640x640_Epoch-27_Images-4181_Batch-1__random_9_operations_all.pth,random_9_operations,train,27,0.2687482230527996,0.8845303495818148,616997697,897793785,92683699,105062419,2024-10-20 00:11:39.811778,193620.99701070786,[None 'horizontal_flip' 'vertical_flip' 'rotation' 'transpose' 'elastic_transformation' 'grid_distortion' 'optical_distortion' 'color_transfer' 'inpainting']
ORCA__Size-640x640_Epoch-27_Images-4181_Batch-1__random_9_operations_all.pth,random_9_operations,test,27,0.3794331924229756,0.8336306691185702,682037407,848022995,73542981,231814217,2024-10-20 00:11:39.811810,193620.99701070786,[None 'horizontal_flip' 'vertical_flip' 'rotation' 'transpose' 'elastic_transformation' 'grid_distortion' 'optical_distortion' 'color_transfer' 'inpainting']
ORCA__Size-640x640_Epoch-28_Images-4181_Batch-1__random_9_operations_all.pth,random_9_operations,train,28,0.2691466171798759,0.8864511167521216,621421936,896658932,88971771,105484961,2024-10-20 02:11:57.797736,200838.98296642303,[None 'horizontal_flip' 'vertical_flip' 'rotation' 'transpose' 'elastic_transformation' 'grid_distortion' 'optical_distortion' 'color_transfer' 'inpainting']
ORCA__Size-640x640_Epoch-28_Images-4181_Batch-1__random_9_operations_all.pth,random_9_operations,test,28,0.34300826497771275,0.8541341997592274,645769706,921923237,109810682,157913975,2024-10-20 02:11:57.797769,200838.98296642303,[None 'horizontal_flip' 'vertical_flip' 'rotation' 'transpose' 'elastic_transformation' 'grid_distortion' 'optical_distortion' 'color_transfer' 'inpainting']
ORCA__Size-640x640_Epoch-29_Images-4181_Batch-1__random_9_operations_all.pth,random_9_operations,train,29,0.26427850220747795,0.8884422228160134,623983472,897507240,87957113,103089775,2024-10-20 04:12:18.647667,208059.8328988552,[None 'horizontal_flip' 'vertical_flip' 'rotation' 'transpose' 'elastic_transformation' 'grid_distortion' 'optical_distortion' 'color_transfer' 'inpainting']
ORCA__Size-640x640_Epoch-29_Images-4181_Batch-1__random_9_operations_all.pth,random_9_operations,test,29,0.33370032205826883,0.8549275826928976,648331737,920817395,107248651,159019817,2024-10-20 04:12:18.647699,208059.8328988552,[None 'horizontal_flip' 'vertical_flip' 'rotation' 'transpose' 'elastic_transformation' 'grid_distortion' 'optical_distortion' 'color_transfer' 'inpainting']
ORCA__Size-640x640_Epoch-30_Images-4181_Batch-1__random_9_operations_all.pth,random_9_operations,train,30,0.261815470852839,0.8904753046006116,623040826,901931615,87154993,100410166,2024-10-20 06:12:18.653164,215259.83839678764,[None 'horizontal_flip' 'vertical_flip' 'rotation' 'transpose' 'elastic_transformation' 'grid_distortion' 'optical_distortion' 'color_transfer' 'inpainting']
ORCA__Size-640x640_Epoch-30_Images-4181_Batch-1__random_9_operations_all.pth,random_9_operations,test,30,0.33503082428467135,0.8584240169648567,650751906,924814643,104828482,155022569,2024-10-20 06:12:18.653196,215259.83839678764,[None 'horizontal_flip' 'vertical_flip' 'rotation' 'transpose' 'elastic_transformation' 'grid_distortion' 'optical_distortion' 'color_transfer' 'inpainting']
ORCA__Size-640x640_Epoch-31_Images-4181_Batch-1__random_9_operations_all.pth,random_9_operations,train,31,0.25674281993787756,0.8905780392792542,624170122,900978256,85503368,101885854,2024-10-20 08:12:38.390035,222479.5752670765,[None 'horizontal_flip' 'vertical_flip' 'rotation' 'transpose' 'elastic_transformation' 'grid_distortion' 'optical_distortion' 'color_transfer' 'inpainting']
ORCA__Size-640x640_Epoch-31_Images-4181_Batch-1__random_9_operations_all.pth,random_9_operations,test,31,0.3373134619078548,0.8581261196362081,649719802,925299981,105860586,154537231,2024-10-20 08:12:38.390067,222479.5752670765,[None 'horizontal_flip' 'vertical_flip' 'rotation' 'transpose' 'elastic_transformation' 'grid_distortion' 'optical_distortion' 'color_transfer' 'inpainting']
ORCA__Size-640x640_Epoch-32_Images-4181_Batch-1__random_9_operations_all.pth,random_9_operations,train,32,0.2581646180567121,0.8920204823532072,621899929,905718687,86469363,98449621,2024-10-20 10:12:48.902754,229690.0879855156,[None 'horizontal_flip' 'vertical_flip' 'rotation' 'transpose' 'elastic_transformation' 'grid_distortion' 'optical_distortion' 'color_transfer' 'inpainting']
ORCA__Size-640x640_Epoch-32_Images-4181_Batch-1__random_9_operations_all.pth,random_9_operations,test,32,0.3436965658081061,0.8535216350763999,647604924,918963707,107975464,160873505,2024-10-20 10:12:48.902787,229690.0879855156,[None 'horizontal_flip' 'vertical_flip' 'rotation' 'transpose' 'elastic_transformation' 'grid_distortion' 'optical_distortion' 'color_transfer' 'inpainting']
ORCA__Size-640x640_Epoch-33_Images-4181_Batch-1__random_9_operations_all.pth,random_9_operations,train,33,0.2540524533491593,0.8926782979830635,627485915,901259235,83552676,100239774,2024-10-20 12:13:02.997256,236904.1824862957,[None 'horizontal_flip' 'vertical_flip' 'rotation' 'transpose' 'elastic_transformation' 'grid_distortion' 'optical_distortion' 'color_transfer' 'inpainting']
ORCA__Size-640x640_Epoch-33_Images-4181_Batch-1__random_9_operations_all.pth,random_9_operations,test,33,0.34773706457116454,0.857714730424292,639328825,934935887,116251563,144901325,2024-10-20 12:13:02.997293,236904.1824862957,[None 'horizontal_flip' 'vertical_flip' 'rotation' 'transpose' 'elastic_transformation' 'grid_distortion' 'optical_distortion' 'color_transfer' 'inpainting']
ORCA__Size-640x640_Epoch-34_Images-4181_Batch-1__random_9_operations_all.pth,random_9_operations,train,34,0.2595981665119227,0.890416038748578,625805541,899065405,86283449,101383205,2024-10-20 14:13:21.353158,244122.53838968277,[None 'horizontal_flip' 'vertical_flip' 'rotation' 'transpose' 'elastic_transformation' 'grid_distortion' 'optical_distortion' 'color_transfer' 'inpainting']
ORCA__Size-640x640_Epoch-34_Images-4181_Batch-1__random_9_operations_all.pth,random_9_operations,test,34,0.34713094698710384,0.852147783697836,658454636,905592404,97125752,174244808,2024-10-20 14:13:21.353190,244122.53838968277,[None 'horizontal_flip' 'vertical_flip' 'rotation' 'transpose' 'elastic_transformation' 'grid_distortion' 'optical_distortion' 'color_transfer' 'inpainting']
ORCA__Size-640x640_Epoch-35_Images-4181_Batch-1__random_9_operations_all.pth,random_9_operations,train,35,0.25630574423030794,0.8919022869921228,625310549,902105653,84985043,100136355,2024-10-20 16:13:35.348812,251336.534044981,[None 'horizontal_flip' 'vertical_flip' 'rotation' 'transpose' 'elastic_transformation' 'grid_distortion' 'optical_distortion' 'color_transfer' 'inpainting']
ORCA__Size-640x640_Epoch-35_Images-4181_Batch-1__random_9_operations_all.pth,random_9_operations,test,35,0.34504580675349755,0.8524215470092463,656825280,907724230,98755108,172112982,2024-10-20 16:13:35.348845,251336.534044981,[None 'horizontal_flip' 'vertical_flip' 'rotation' 'transpose' 'elastic_transformation' 'grid_distortion' 'optical_distortion' 'color_transfer' 'inpainting']
ORCA__Size-640x640_Epoch-36_Images-4181_Batch-1__random_9_operations_all.pth,random_9_operations,train,36,0.2551319463627025,0.8931988728305883,627650367,901986287,82857616,100043330,2024-10-20 18:13:46.037079,258547.22231197357,[None 'horizontal_flip' 'vertical_flip' 'rotation' 'transpose' 'elastic_transformation' 'grid_distortion' 'optical_distortion' 'color_transfer' 'inpainting']
ORCA__Size-640x640_Epoch-36_Images-4181_Batch-1__random_9_operations_all.pth,random_9_operations,test,36,0.3466373435590525,0.8510417334997777,664613320,897403656,90967068,182433556,2024-10-20 18:13:46.037111,258547.22231197357,[None 'horizontal_flip' 'vertical_flip' 'rotation' 'transpose' 'elastic_transformation' 'grid_distortion' 'optical_distortion' 'color_transfer' 'inpainting']
ORCA__Size-640x640_Epoch-37_Images-4181_Batch-1__random_9_operations_all.pth,random_9_operations,train,37,0.24685492946615847,0.8960253135463999,627432457,907044583,82929377,95131183,2024-10-20 20:13:59.413161,265760.59839224815,[None 'horizontal_flip' 'vertical_flip' 'rotation' 'transpose' 'elastic_transformation' 'grid_distortion' 'optical_distortion' 'color_transfer' 'inpainting']
ORCA__Size-640x640_Epoch-37_Images-4181_Batch-1__random_9_operations_all.pth,random_9_operations,test,37,0.3459690557251365,0.8541505802276272,665716722,902006286,89863666,177830926,2024-10-20 20:13:59.413193,265760.59839224815,[None 'horizontal_flip' 'vertical_flip' 'rotation' 'transpose' 'elastic_transformation' 'grid_distortion' 'optical_distortion' 'color_transfer' 'inpainting']
ORCA__Size-640x640_Epoch-38_Images-4181_Batch-1__random_9_operations_all.pth,random_9_operations,train,38,0.2506607089764034,0.8953770504075367,626989182,906377683,83416145,95754590,2024-10-20 22:14:09.966962,272971.1521937847,[None 'horizontal_flip' 'vertical_flip' 'rotation' 'transpose' 'elastic_transformation' 'grid_distortion' 'optical_distortion' 'color_transfer' 'inpainting']
ORCA__Size-640x640_Epoch-38_Images-4181_Batch-1__random_9_operations_all.pth,random_9_operations,test,38,0.3486206167786141,0.8564607471346039,623654333,948308796,131926055,131528416,2024-10-20 22:14:09.966994,272971.1521937847,[None 'horizontal_flip' 'vertical_flip' 'rotation' 'transpose' 'elastic_transformation' 'grid_distortion' 'optical_distortion' 'color_transfer' 'inpainting']
ORCA__Size-640x640_Epoch-39_Images-4181_Batch-1__random_9_operations_all.pth,random_9_operations,train,39,0.25229441887263365,0.8946355023095574,624873134,907223802,84824639,95616025,2024-10-21 00:14:31.913120,280193.098351717,[None 'horizontal_flip' 'vertical_flip' 'rotation' 'transpose' 'elastic_transformation' 'grid_distortion' 'optical_distortion' 'color_transfer' 'inpainting']
ORCA__Size-640x640_Epoch-39_Images-4181_Batch-1__random_9_operations_all.pth,random_9_operations,test,39,0.33418197799212124,0.8561721327070201,661561625,909871776,94018763,169965436,2024-10-21 00:14:31.913153,280193.098351717,[None 'horizontal_flip' 'vertical_flip' 'rotation' 'transpose' 'elastic_transformation' 'grid_distortion' 'optical_distortion' 'color_transfer' 'inpainting']
ORCA__Size-640x640_Epoch-40_Images-4181_Batch-1__random_9_operations_all.pth,random_9_operations,train,40,0.25284405969087986,0.8932799951370419,623544070,906231509,86468732,96293289,2024-10-21 02:14:45.638389,287406.82362031937,[None 'horizontal_flip' 'vertical_flip' 'rotation' 'transpose' 'elastic_transformation' 'grid_distortion' 'optical_distortion' 'color_transfer' 'inpainting']
ORCA__Size-640x640_Epoch-40_Images-4181_Batch-1__random_9_operations_all.pth,random_9_operations,test,40,0.3441149175394251,0.8518303523950074,674791316,888673105,80789072,191164107,2024-10-21 02:14:45.638420,287406.82362031937,[None 'horizontal_flip' 'vertical_flip' 'rotation' 'transpose' 'elastic_transformation' 'grid_distortion' 'optical_distortion' 'color_transfer' 'inpainting']
ORCA__Size-640x640_Epoch-41_Images-4181_Batch-1__random_9_operations_all.pth,random_9_operations,train,41,0.2432982783181104,0.8973937179539898,628728257,908092227,80297755,95419361,2024-10-21 04:14:33.769478,294594.9547100067,[None 'horizontal_flip' 'vertical_flip' 'rotation' 'transpose' 'elastic_transformation' 'grid_distortion' 'optical_distortion' 'color_transfer' 'inpainting']
ORCA__Size-640x640_Epoch-41_Images-4181_Batch-1__random_9_operations_all.pth,random_9_operations,test,41,0.3483120064905607,0.8579289617795964,618247697,956410219,137332691,123426993,2024-10-21 04:14:33.769510,294594.9547100067,[None 'horizontal_flip' 'vertical_flip' 'rotation' 'transpose' 'elastic_transformation' 'grid_distortion' 'optical_distortion' 'color_transfer' 'inpainting']
ORCA__Size-640x640_Epoch-42_Images-4181_Batch-1__random_9_operations_all.pth,random_9_operations,train,42,0.24737226402269968,0.8954495550929822,627628191,905862841,82109329,96937239,2024-10-21 06:14:48.780810,301809.9660422802,[None 'horizontal_flip' 'vertical_flip' 'rotation' 'transpose' 'elastic_transformation' 'grid_distortion' 'optical_distortion' 'color_transfer' 'inpainting']
ORCA__Size-640x640_Epoch-42_Images-4181_Batch-1__random_9_operations_all.pth,random_9_operations,test,42,0.36255583831222793,0.8499596031987494,643022264,917008551,112558124,162828661,2024-10-21 06:14:48.780842,301809.9660422802,[None 'horizontal_flip' 'vertical_flip' 'rotation' 'transpose' 'elastic_transformation' 'grid_distortion' 'optical_distortion' 'color_transfer' 'inpainting']
ORCA__Size-640x640_Epoch-43_Images-4181_Batch-1__random_9_operations_all.pth,random_9_operations,train,43,0.24739422665027283,0.8948904006545607,625834217,906699242,83175024,96829117,2024-10-21 08:14:52.154640,309013.3398706913,[None 'horizontal_flip' 'vertical_flip' 'rotation' 'transpose' 'elastic_transformation' 'grid_distortion' 'optical_distortion' 'color_transfer' 'inpainting']
ORCA__Size-640x640_Epoch-43_Images-4181_Batch-1__random_9_operations_all.pth,random_9_operations,test,43,0.3622576978010444,0.8446396247916563,675776379,874490054,79804009,205347158,2024-10-21 08:14:52.154672,309013.3398706913,[None 'horizontal_flip' 'vertical_flip' 'rotation' 'transpose' 'elastic_transformation' 'grid_distortion' 'optical_distortion' 'color_transfer' 'inpainting']
ORCA__Size-640x640_Epoch-44_Images-4181_Batch-1__random_9_operations_all.pth,random_9_operations,train,44,0.24549874568644744,0.8963185491518556,630336072,904643145,80020410,97537973,2024-10-21 10:14:54.440711,316215.6259422302,[None 'horizontal_flip' 'vertical_flip' 'rotation' 'transpose' 'elastic_transformation' 'grid_distortion' 'optical_distortion' 'color_transfer' 'inpainting']
ORCA__Size-640x640_Epoch-44_Images-4181_Batch-1__random_9_operations_all.pth,random_9_operations,test,44,0.33553927906967,0.8594539847498477,654061225,923395745,101519163,156441467,2024-10-21 10:14:54.440742,316215.6259422302,[None 'horizontal_flip' 'vertical_flip' 'rotation' 'transpose' 'elastic_transformation' 'grid_distortion' 'optical_distortion' 'color_transfer' 'inpainting']
ORCA__Size-640x640_Epoch-45_Images-4181_Batch-1__random_9_operations_all.pth,random_9_operations,train,45,0.24062248490916963,0.8995809365003137,632176098,908390080,77409954,94561468,2024-10-21 12:15:17.566396,323438.7516272068,[None 'horizontal_flip' 'vertical_flip' 'rotation' 'transpose' 'elastic_transformation' 'grid_distortion' 'optical_distortion' 'color_transfer' 'inpainting']
ORCA__Size-640x640_Epoch-45_Images-4181_Batch-1__random_9_operations_all.pth,random_9_operations,test,45,0.3490800860358073,0.8513910327546181,653128735,909529351,102451653,170307861,2024-10-21 12:15:17.566428,323438.7516272068,[None 'horizontal_flip' 'vertical_flip' 'rotation' 'transpose' 'elastic_transformation' 'grid_distortion' 'optical_distortion' 'color_transfer' 'inpainting']
ORCA__Size-640x640_Epoch-46_Images-4181_Batch-1__random_9_operations_all.pth,random_9_operations,train,46,0.24263582921623572,0.8978598513691041,629366020,908252735,79808124,95110721,2024-10-21 14:15:15.539060,330636.7242920399,[None 'horizontal_flip' 'vertical_flip' 'rotation' 'transpose' 'elastic_transformation' 'grid_distortion' 'optical_distortion' 'color_transfer' 'inpainting']
ORCA__Size-640x640_Epoch-46_Images-4181_Batch-1__random_9_operations_all.pth,random_9_operations,test,46,0.3527611634329076,0.8528709869623156,653010151,912364269,102570237,167472943,2024-10-21 14:15:15.539092,330636.7242920399,[None 'horizontal_flip' 'vertical_flip' 'rotation' 'transpose' 'elastic_transformation' 'grid_distortion' 'optical_distortion' 'color_transfer' 'inpainting']
ORCA__Size-640x640_Epoch-47_Images-4181_Batch-1__random_9_operations_all.pth,random_9_operations,train,47,0.24440190579709448,0.8971102100181604,629720141,906614825,79735765,96466869,2024-10-21 16:15:17.123432,337838.3086645603,[None 'horizontal_flip' 'vertical_flip' 'rotation' 'transpose' 'elastic_transformation' 'grid_distortion' 'optical_distortion' 'color_transfer' 'inpainting']
ORCA__Size-640x640_Epoch-47_Images-4181_Batch-1__random_9_operations_all.pth,random_9_operations,test,47,0.34139321734902217,0.8563404584330022,646054458,925687891,109525930,154149321,2024-10-21 16:15:17.123463,337838.3086645603,[None 'horizontal_flip' 'vertical_flip' 'rotation' 'transpose' 'elastic_transformation' 'grid_distortion' 'optical_distortion' 'color_transfer' 'inpainting']
ORCA__Size-640x640_Epoch-48_Images-4181_Batch-1__random_9_operations_all.pth,random_9_operations,train,48,0.2442415113397356,0.8967422677318146,629355699,906349152,81305993,95526756,2024-10-21 18:15:09.018503,345030.20373415947,[None 'horizontal_flip' 'vertical_flip' 'rotation' 'transpose' 'elastic_transformation' 'grid_distortion' 'optical_distortion' 'color_transfer' 'inpainting']
ORCA__Size-640x640_Epoch-48_Images-4181_Batch-1__random_9_operations_all.pth,random_9_operations,test,48,0.34007974974108585,0.8564329093281012,639535678,932376357,116044710,147460855,2024-10-21 18:15:09.018535,345030.20373415947,[None 'horizontal_flip' 'vertical_flip' 'rotation' 'transpose' 'elastic_transformation' 'grid_distortion' 'optical_distortion' 'color_transfer' 'inpainting']
ORCA__Size-640x640_Epoch-49_Images-4181_Batch-1__random_9_operations_all.pth,random_9_operations,train,49,0.2460192915613954,0.8958285383047945,628849983,905290072,81392171,97005374,2024-10-21 20:15:14.593633,352235.7788655758,[None 'horizontal_flip' 'vertical_flip' 'rotation' 'transpose' 'elastic_transformation' 'grid_distortion' 'optical_distortion' 'color_transfer' 'inpainting']
ORCA__Size-640x640_Epoch-49_Images-4181_Batch-1__random_9_operations_all.pth,random_9_operations,test,49,0.33175266372568657,0.8629525694860931,654169967,929708367,101410421,150128845,2024-10-21 20:15:14.593665,352235.7788655758,[None 'horizontal_flip' 'vertical_flip' 'rotation' 'transpose' 'elastic_transformation' 'grid_distortion' 'optical_distortion' 'color_transfer' 'inpainting']
ORCA__Size-640x640_Epoch-50_Images-4181_Batch-1__random_9_operations_all.pth,random_9_operations,train,50,0.23839465792511277,0.8999527368041444,633595241,907607659,77517868,93816832,2024-10-21 22:15:18.037133,359439.22236537933,[None 'horizontal_flip' 'vertical_flip' 'rotation' 'transpose' 'elastic_transformation' 'grid_distortion' 'optical_distortion' 'color_transfer' 'inpainting']
ORCA__Size-640x640_Epoch-50_Images-4181_Batch-1__random_9_operations_all.pth,random_9_operations,test,50,0.3470508176336658,0.8603271059403614,656479794,922579718,99100594,157257494,2024-10-21 22:15:18.037166,359439.22236537933,[None 'horizontal_flip' 'vertical_flip' 'rotation' 'transpose' 'elastic_transformation' 'grid_distortion' 'optical_distortion' 'color_transfer' 'inpainting']
ORCA__Size-640x640_Epoch-51_Images-4181_Batch-1__random_9_operations_all.pth,random_9_operations,train,51,0.23835574524948577,0.8996364085670316,633158601,907502575,77302819,94573605,2024-10-22 00:15:25.128334,366646.31356430054,[None 'horizontal_flip' 'vertical_flip' 'rotation' 'transpose' 'elastic_transformation' 'grid_distortion' 'optical_distortion' 'color_transfer' 'inpainting']
ORCA__Size-640x640_Epoch-51_Images-4181_Batch-1__random_9_operations_all.pth,random_9_operations,test,51,0.35434468545543796,0.8557459446831076,631868801,938782367,123711587,141054845,2024-10-22 00:15:25.128366,366646.31356430054,[None 'horizontal_flip' 'vertical_flip' 'rotation' 'transpose' 'elastic_transformation' 'grid_distortion' 'optical_distortion' 'color_transfer' 'inpainting']
ORCA__Size-640x640_Epoch-52_Images-4181_Batch-1__random_9_operations_all.pth,random_9_operations,train,52,0.2363882307172313,0.9007921315129064,634594464,908045931,76552898,93344307,2024-10-22 02:15:18.398937,373839.584168911,[None 'horizontal_flip' 'vertical_flip' 'rotation' 'transpose' 'elastic_transformation' 'grid_distortion' 'optical_distortion' 'color_transfer' 'inpainting']
ORCA__Size-640x640_Epoch-52_Images-4181_Batch-1__random_9_operations_all.pth,random_9_operations,test,52,0.34098331606458465,0.8602014473436452,636744326,942084550,118836062,137752662,2024-10-22 02:15:18.398971,373839.584168911,[None 'horizontal_flip' 'vertical_flip' 'rotation' 'transpose' 'elastic_transformation' 'grid_distortion' 'optical_distortion' 'color_transfer' 'inpainting']
ORCA__Size-640x640_Epoch-53_Images-4181_Batch-1__random_9_operations_all.pth,random_9_operations,train,53,0.23547662087279905,0.9014310307697793,634103318,909631216,77081073,91721993,2024-10-22 04:15:01.318106,381022.5033378601,[None 'horizontal_flip' 'vertical_flip' 'rotation' 'transpose' 'elastic_transformation' 'grid_distortion' 'optical_distortion' 'color_transfer' 'inpainting']
ORCA__Size-640x640_Epoch-53_Images-4181_Batch-1__random_9_operations_all.pth,random_9_operations,test,53,0.34459505885159003,0.8565346670970148,665568326,906530477,90012062,173306735,2024-10-22 04:15:01.318139,381022.5033378601,[None 'horizontal_flip' 'vertical_flip' 'rotation' 'transpose' 'elastic_transformation' 'grid_distortion' 'optical_distortion' 'color_transfer' 'inpainting']
ORCA__Size-640x640_Epoch-54_Images-4181_Batch-1__random_9_operations_all.pth,random_9_operations,train,54,0.23872653715735373,0.9001211973389672,633160764,908330631,78008691,93037514,2024-10-22 06:14:54.886392,388216.0716238022,[None 'horizontal_flip' 'vertical_flip' 'rotation' 'transpose' 'elastic_transformation' 'grid_distortion' 'optical_distortion' 'color_transfer' 'inpainting']
ORCA__Size-640x640_Epoch-54_Images-4181_Batch-1__random_9_operations_all.pth,random_9_operations,test,54,0.3432829167965706,0.8578816956969347,670934666,903636497,84645722,176200715,2024-10-22 06:14:54.886425,388216.0716238022,[None 'horizontal_flip' 'vertical_flip' 'rotation' 'transpose' 'elastic_transformation' 'grid_distortion' 'optical_distortion' 'color_transfer' 'inpainting']
ORCA__Size-640x640_Epoch-55_Images-4181_Batch-1__random_9_operations_all.pth,random_9_operations,train,55,0.23229962322842357,0.902583201092926,635048707,910658962,74703268,92126663,2024-10-22 08:14:58.851382,395420.0366151333,[None 'horizontal_flip' 'vertical_flip' 'rotation' 'transpose' 'elastic_transformation' 'grid_distortion' 'optical_distortion' 'color_transfer' 'inpainting']
ORCA__Size-640x640_Epoch-55_Images-4181_Batch-1__random_9_operations_all.pth,random_9_operations,test,55,0.349557795725003,0.8576394848779927,652494241,921632364,103086147,158204848,2024-10-22 08:14:58.851414,395420.0366151333,[None 'horizontal_flip' 'vertical_flip' 'rotation' 'transpose' 'elastic_transformation' 'grid_distortion' 'optical_distortion' 'color_transfer' 'inpainting']
ORCA__Size-640x640_Epoch-56_Images-4181_Batch-1__random_9_operations_all.pth,random_9_operations,train,56,0.23730236642835387,0.9013561121227375,634137007,909469226,75241875,93689492,2024-10-22 10:15:11.146803,402632.33203458786,[None 'horizontal_flip' 'vertical_flip' 'rotation' 'transpose' 'elastic_transformation' 'grid_distortion' 'optical_distortion' 'color_transfer' 'inpainting']
ORCA__Size-640x640_Epoch-56_Images-4181_Batch-1__random_9_operations_all.pth,random_9_operations,test,56,0.35580808843434675,0.8528549955062023,657770530,907574539,97809858,172262673,2024-10-22 10:15:11.146836,402632.33203458786,[None 'horizontal_flip' 'vertical_flip' 'rotation' 'transpose' 'elastic_transformation' 'grid_distortion' 'optical_distortion' 'color_transfer' 'inpainting']
ORCA__Size-640x640_Epoch-57_Images-4181_Batch-1__random_9_operations_all.pth,random_9_operations,train,57,0.23284485816578115,0.9029736380678589,634303916,912072391,75989366,90171927,2024-10-22 12:15:15.996897,409837.18212866783,[None 'horizontal_flip' 'vertical_flip' 'rotation' 'transpose' 'elastic_transformation' 'grid_distortion' 'optical_distortion' 'color_transfer' 'inpainting']
ORCA__Size-640x640_Epoch-57_Images-4181_Batch-1__random_9_operations_all.pth,random_9_operations,test,57,0.3541846995907438,0.8520273653254741,651156090,912669932,104424298,167167280,2024-10-22 12:15:15.996929,409837.18212866783,[None 'horizontal_flip' 'vertical_flip' 'rotation' 'transpose' 'elastic_transformation' 'grid_distortion' 'optical_distortion' 'color_transfer' 'inpainting']
ORCA__Size-640x640_Epoch-58_Images-4181_Batch-1__random_9_operations_all.pth,random_9_operations,train,58,0.23200707902693135,0.9029729612943971,634271826,912103322,75923357,90239095,2024-10-22 14:15:22.283091,417043.46832203865,[None 'horizontal_flip' 'vertical_flip' 'rotation' 'transpose' 'elastic_transformation' 'grid_distortion' 'optical_distortion' 'color_transfer' 'inpainting']
ORCA__Size-640x640_Epoch-58_Images-4181_Batch-1__random_9_operations_all.pth,random_9_operations,test,58,0.35140392223185585,0.8559460539116548,626194643,944823809,129385745,135013403,2024-10-22 14:15:22.283124,417043.46832203865,[None 'horizontal_flip' 'vertical_flip' 'rotation' 'transpose' 'elastic_transformation' 'grid_distortion' 'optical_distortion' 'color_transfer' 'inpainting']
ORCA__Size-640x640_Epoch-59_Images-4181_Batch-1__random_9_operations_all.pth,random_9_operations,train,59,0.2340905675619437,0.9021993315650413,634712216,910338062,76399809,91087513,2024-10-22 16:15:13.803083,424234.98831391335,[None 'horizontal_flip' 'vertical_flip' 'rotation' 'transpose' 'elastic_transformation' 'grid_distortion' 'optical_distortion' 'color_transfer' 'inpainting']
ORCA__Size-640x640_Epoch-59_Images-4181_Batch-1__random_9_operations_all.pth,random_9_operations,test,59,0.3285042069650957,0.8615426244141937,658405379,922885117,97175009,156952095,2024-10-22 16:15:13.803116,424234.98831391335,[None 'horizontal_flip' 'vertical_flip' 'rotation' 'transpose' 'elastic_transformation' 'grid_distortion' 'optical_distortion' 'color_transfer' 'inpainting']
ORCA__Size-640x640_Epoch-60_Images-4181_Batch-1__random_9_operations_all.pth,random_9_operations,train,60,0.2341309170055405,0.9016619483274423,633143701,910986288,75832403,92575208,2024-10-22 18:15:18.515686,431439.7009174824,[None 'horizontal_flip' 'vertical_flip' 'rotation' 'transpose' 'elastic_transformation' 'grid_distortion' 'optical_distortion' 'color_transfer' 'inpainting']
ORCA__Size-640x640_Epoch-60_Images-4181_Batch-1__random_9_operations_all.pth,random_9_operations,test,60,0.3604770011809559,0.859061449557856,626853461,949883043,128726927,129954169,2024-10-22 18:15:18.515718,431439.7009174824,[None 'horizontal_flip' 'vertical_flip' 'rotation' 'transpose' 'elastic_transformation' 'grid_distortion' 'optical_distortion' 'color_transfer' 'inpainting']
ORCA__Size-640x640_Epoch-61_Images-4181_Batch-1__random_9_operations_all.pth,random_9_operations,train,61,0.2317953171316034,0.9026935239261328,633638769,912257832,76416831,90224168,2024-10-22 20:15:26.538466,438647.7236981392,[None 'horizontal_flip' 'vertical_flip' 'rotation' 'transpose' 'elastic_transformation' 'grid_distortion' 'optical_distortion' 'color_transfer' 'inpainting']
ORCA__Size-640x640_Epoch-61_Images-4181_Batch-1__random_9_operations_all.pth,random_9_operations,test,61,0.35012530703953876,0.8574774541771851,653988085,919841126,101592303,159996086,2024-10-22 20:15:26.538498,438647.7236981392,[None 'horizontal_flip' 'vertical_flip' 'rotation' 'transpose' 'elastic_transformation' 'grid_distortion' 'optical_distortion' 'color_transfer' 'inpainting']
ORCA__Size-640x640_Epoch-62_Images-4181_Batch-1__random_9_operations_all.pth,random_9_operations,train,62,0.23030958213701735,0.9022231908951986,630654695,914436443,77941967,89504495,2024-10-22 22:15:40.907380,445862.0926065445,[None 'horizontal_flip' 'vertical_flip' 'rotation' 'transpose' 'elastic_transformation' 'grid_distortion' 'optical_distortion' 'color_transfer' 'inpainting']
ORCA__Size-640x640_Epoch-62_Images-4181_Batch-1__random_9_operations_all.pth,random_9_operations,test,62,0.33841155148224555,0.8593200490177284,638548131,938663011,117032257,141174201,2024-10-22 22:15:40.907428,445862.0926065445,[None 'horizontal_flip' 'vertical_flip' 'rotation' 'transpose' 'elastic_transformation' 'grid_distortion' 'optical_distortion' 'color_transfer' 'inpainting']
ORCA__Size-640x640_Epoch-63_Images-4181_Batch-1__random_9_operations_all.pth,random_9_operations,train,63,0.22580408528775153,0.9056659900489197,637118032,913869029,73685089,87865450,2024-10-23 00:15:58.030367,453079.2155981064,[None 'horizontal_flip' 'vertical_flip' 'rotation' 'transpose' 'elastic_transformation' 'grid_distortion' 'optical_distortion' 'color_transfer' 'inpainting']
ORCA__Size-640x640_Epoch-63_Images-4181_Batch-1__random_9_operations_all.pth,random_9_operations,test,63,0.34376540067884176,0.8607503251576126,630905896,948930400,124674492,130906812,2024-10-23 00:15:58.030400,453079.2155981064,[None 'horizontal_flip' 'vertical_flip' 'rotation' 'transpose' 'elastic_transformation' 'grid_distortion' 'optical_distortion' 'color_transfer' 'inpainting']
ORCA__Size-640x640_Epoch-64_Images-4181_Batch-1__random_9_operations_all.pth,random_9_operations,train,64,0.2264303326936088,0.9055618370072586,636455054,914353641,73881769,87847136,2024-10-23 02:15:52.560086,460273.7453172207,[None 'horizontal_flip' 'vertical_flip' 'rotation' 'transpose' 'elastic_transformation' 'grid_distortion' 'optical_distortion' 'color_transfer' 'inpainting']
ORCA__Size-640x640_Epoch-64_Images-4181_Batch-1__random_9_operations_all.pth,random_9_operations,test,64,0.33107321463657063,0.862219316737511,654983166,927549343,100597222,152287869,2024-10-23 02:15:52.560119,460273.7453172207,[None 'horizontal_flip' 'vertical_flip' 'rotation' 'transpose' 'elastic_transformation' 'grid_distortion' 'optical_distortion' 'color_transfer' 'inpainting']
ORCA__Size-640x640_Epoch-65_Images-4181_Batch-1__random_9_operations_all.pth,random_9_operations,train,65,0.23145852370423867,0.9026133359057349,632760433,912998843,77013574,89764750,2024-10-23 04:15:52.795430,467473.9806625843,[None 'horizontal_flip' 'vertical_flip' 'rotation' 'transpose' 'elastic_transformation' 'grid_distortion' 'optical_distortion' 'color_transfer' 'inpainting']
ORCA__Size-640x640_Epoch-65_Images-4181_Batch-1__random_9_operations_all.pth,random_9_operations,test,65,0.3489319248300788,0.8554364946702028,652907054,917176144,102673334,162661068,2024-10-23 04:15:52.795462,467473.9806625843,[None 'horizontal_flip' 'vertical_flip' 'rotation' 'transpose' 'elastic_transformation' 'grid_distortion' 'optical_distortion' 'color_transfer' 'inpainting']
ORCA__Size-640x640_Epoch-66_Images-4181_Batch-1__random_9_operations_all.pth,random_9_operations,train,66,0.2249922021948013,0.9053970096773356,636659369,913867053,73314685,88696493,2024-10-23 06:15:46.802390,474667.9876205921,[None 'horizontal_flip' 'vertical_flip' 'rotation' 'transpose' 'elastic_transformation' 'grid_distortion' 'optical_distortion' 'color_transfer' 'inpainting']
ORCA__Size-640x640_Epoch-66_Images-4181_Batch-1__random_9_operations_all.pth,random_9_operations,test,66,0.3465125737754394,0.8566658421494894,654075472,918264092,101504916,161573120,2024-10-23 06:15:46.802422,474667.9876205921,[None 'horizontal_flip' 'vertical_flip' 'rotation' 'transpose' 'elastic_transformation' 'grid_distortion' 'optical_distortion' 'color_transfer' 'inpainting']
ORCA__Size-640x640_Epoch-67_Images-4181_Batch-1__random_9_operations_all.pth,random_9_operations,train,67,0.22919166795884902,0.9047605868624443,638138785,911297739,73230791,89870285,2024-10-23 08:15:51.652856,481872.8380866051,[None 'horizontal_flip' 'vertical_flip' 'rotation' 'transpose' 'elastic_transformation' 'grid_distortion' 'optical_distortion' 'color_transfer' 'inpainting']
ORCA__Size-640x640_Epoch-67_Images-4181_Batch-1__random_9_operations_all.pth,random_9_operations,test,67,0.35102290568829225,0.8531776599505183,631622977,934314316,123957411,145522896,2024-10-23 08:15:51.652889,481872.8380866051,[None 'horizontal_flip' 'vertical_flip' 'rotation' 'transpose' 'elastic_transformation' 'grid_distortion' 'optical_distortion' 'color_transfer' 'inpainting']
ORCA__Size-640x640_Epoch-68_Images-4181_Batch-1__random_9_operations_all.pth,random_9_operations,train,68,0.22474311148341058,0.9052623124887869,636238121,914057627,74131833,88110019,2024-10-23 10:15:58.484699,489079.66993021965,[None 'horizontal_flip' 'vertical_flip' 'rotation' 'transpose' 'elastic_transformation' 'grid_distortion' 'optical_distortion' 'color_transfer' 'inpainting']
ORCA__Size-640x640_Epoch-68_Images-4181_Batch-1__random_9_operations_all.pth,random_9_operations,test,68,0.35320544617985894,0.8552505974662115,653671054,916070945,101909334,163766267,2024-10-23 10:15:58.484731,489079.66993021965,[None 'horizontal_flip' 'vertical_flip' 'rotation' 'transpose' 'elastic_transformation' 'grid_distortion' 'optical_distortion' 'color_transfer' 'inpainting']
ORCA__Size-640x640_Epoch-69_Images-4181_Batch-1__random_9_operations_all.pth,random_9_operations,train,69,0.22220332777467097,0.9080147203775272,639186501,915822849,70628387,86899863,2024-10-23 12:16:03.349136,496284.5343673229,[None 'horizontal_flip' 'vertical_flip' 'rotation' 'transpose' 'elastic_transformation' 'grid_distortion' 'optical_distortion' 'color_transfer' 'inpainting']
ORCA__Size-640x640_Epoch-69_Images-4181_Batch-1__random_9_operations_all.pth,random_9_operations,test,69,0.34851329135643044,0.856796891889888,670988014,901592081,84592374,178245131,2024-10-23 12:16:03.349168,496284.5343673229,[None 'horizontal_flip' 'vertical_flip' 'rotation' 'transpose' 'elastic_transformation' 'grid_distortion' 'optical_distortion' 'color_transfer' 'inpainting']
ORCA__Size-640x640_Epoch-70_Images-4181_Batch-1__random_9_operations_all.pth,random_9_operations,train,70,0.22013387296651082,0.9075218401044168,637047637,917117637,73349677,85022649,2024-10-23 14:16:02.394373,503483.57957816124,[None 'horizontal_flip' 'vertical_flip' 'rotation' 'transpose' 'elastic_transformation' 'grid_distortion' 'optical_distortion' 'color_transfer' 'inpainting']
ORCA__Size-640x640_Epoch-70_Images-4181_Batch-1__random_9_operations_all.pth,random_9_operations,test,70,0.37108624480261315,0.8560931277982756,625049209,946239185,130531179,133598027,2024-10-23 14:16:02.394406,503483.57957816124,[None 'horizontal_flip' 'vertical_flip' 'rotation' 'transpose' 'elastic_transformation' 'grid_distortion' 'optical_distortion' 'color_transfer' 'inpainting']
ORCA__Size-640x640_Epoch-71_Images-4181_Batch-1__random_9_operations_all.pth,random_9_operations,train,71,0.224499479257681,0.9052794782432813,635340266,914984879,74980479,87231976,2024-10-23 16:16:14.523654,510695.7088854313,[None 'horizontal_flip' 'vertical_flip' 'rotation' 'transpose' 'elastic_transformation' 'grid_distortion' 'optical_distortion' 'color_transfer' 'inpainting']
ORCA__Size-640x640_Epoch-71_Images-4181_Batch-1__random_9_operations_all.pth,random_9_operations,test,71,0.3647741690419695,0.8544444212586821,638167942,930094387,117412446,149742825,2024-10-23 16:16:14.523686,510695.7088854313,[None 'horizontal_flip' 'vertical_flip' 'rotation' 'transpose' 'elastic_transformation' 'grid_distortion' 'optical_distortion' 'color_transfer' 'inpainting']
ORCA__Size-640x640_Epoch-72_Images-4181_Batch-1__random_9_operations_all.pth,random_9_operations,train,72,0.21964572271880337,0.9080164166906473,636339310,918672945,73161944,84363401,2024-10-23 18:16:12.942916,517894.12814736366,[None 'horizontal_flip' 'vertical_flip' 'rotation' 'transpose' 'elastic_transformation' 'grid_distortion' 'optical_distortion' 'color_transfer' 'inpainting']
ORCA__Size-640x640_Epoch-72_Images-4181_Batch-1__random_9_operations_all.pth,random_9_operations,test,72,0.34236252584711424,0.8628290809677314,636979378,946672303,118601010,133164909,2024-10-23 18:16:12.942946,517894.12814736366,[None 'horizontal_flip' 'vertical_flip' 'rotation' 'transpose' 'elastic_transformation' 'grid_distortion' 'optical_distortion' 'color_transfer' 'inpainting']
ORCA__Size-640x640_Epoch-73_Images-4181_Batch-1__random_9_operations_all.pth,random_9_operations,train,73,0.22927274302317951,0.9032674628574606,635022406,911857087,75762170,89895937,2024-10-23 20:16:16.714123,525097.8993551731,[None 'horizontal_flip' 'vertical_flip' 'rotation' 'transpose' 'elastic_transformation' 'grid_distortion' 'optical_distortion' 'color_transfer' 'inpainting']
ORCA__Size-640x640_Epoch-73_Images-4181_Batch-1__random_9_operations_all.pth,random_9_operations,test,73,0.36883098686415733,0.8558115580890167,630128907,940642689,125451481,139194523,2024-10-23 20:16:16.714155,525097.8993551731,[None 'horizontal_flip' 'vertical_flip' 'rotation' 'transpose' 'elastic_transformation' 'grid_distortion' 'optical_distortion' 'color_transfer' 'inpainting']
ORCA__Size-640x640_Epoch-74_Images-4181_Batch-1__random_9_operations_all.pth,random_9_operations,train,74,0.22522115729068365,0.9064854932236253,636984429,915406062,73640500,86506609,2024-10-23 22:16:27.113187,532308.298418045,[None 'horizontal_flip' 'vertical_flip' 'rotation' 'transpose' 'elastic_transformation' 'grid_distortion' 'optical_distortion' 'color_transfer' 'inpainting']
ORCA__Size-640x640_Epoch-74_Images-4181_Batch-1__random_9_operations_all.pth,random_9_operations,test,74,0.35779801972591374,0.854102438594902,659957934,907676714,95622454,172160498,2024-10-23 22:16:27.113219,532308.298418045,[None 'horizontal_flip' 'vertical_flip' 'rotation' 'transpose' 'elastic_transformation' 'grid_distortion' 'optical_distortion' 'color_transfer' 'inpainting']
ORCA__Size-640x640_Epoch-75_Images-4181_Batch-1__random_9_operations_all.pth,random_9_operations,train,75,0.21886529034507923,0.9087769395544939,639670560,916644119,71340918,84882003,2024-10-24 00:16:40.635496,539521.8207280636,[None 'horizontal_flip' 'vertical_flip' 'rotation' 'transpose' 'elastic_transformation' 'grid_distortion' 'optical_distortion' 'color_transfer' 'inpainting']
ORCA__Size-640x640_Epoch-75_Images-4181_Batch-1__random_9_operations_all.pth,random_9_operations,test,75,0.35448678846741616,0.8591873309921411,641525467,935442082,114054921,144395130,2024-10-24 00:16:40.635529,539521.8207280636,[None 'horizontal_flip' 'vertical_flip' 'rotation' 'transpose' 'elastic_transformation' 'grid_distortion' 'optical_distortion' 'color_transfer' 'inpainting']
ORCA__Size-640x640_Epoch-76_Images-4181_Batch-1__random_9_operations_all.pth,random_9_operations,train,76,0.2176148812568336,0.9080707652783803,639466269,915639060,71219944,86212327,2024-10-24 02:16:30.975236,546712.1604671478,[None 'horizontal_flip' 'vertical_flip' 'rotation' 'transpose' 'elastic_transformation' 'grid_distortion' 'optical_distortion' 'color_transfer' 'inpainting']
ORCA__Size-640x640_Epoch-76_Images-4181_Batch-1__random_9_operations_all.pth,random_9_operations,test,76,0.3643725718904363,0.8548698394305486,622819773,946223376,132760615,133613836,2024-10-24 02:16:30.975274,546712.1604671478,[None 'horizontal_flip' 'vertical_flip' 'rotation' 'transpose' 'elastic_transformation' 'grid_distortion' 'optical_distortion' 'color_transfer' 'inpainting']
ORCA__Size-640x640_Epoch-77_Images-4181_Batch-1__random_9_operations_all.pth,random_9_operations,train,77,0.22209409257333348,0.9063065867867663,636463756,915620351,72981366,87472127,2024-10-24 04:16:30.678519,553911.8637509346,[None 'horizontal_flip' 'vertical_flip' 'rotation' 'transpose' 'elastic_transformation' 'grid_distortion' 'optical_distortion' 'color_transfer' 'inpainting']
ORCA__Size-640x640_Epoch-77_Images-4181_Batch-1__random_9_operations_all.pth,random_9_operations,test,77,0.3704480765739909,0.8510964338578867,665140355,896977019,90440033,182860193,2024-10-24 04:16:30.678551,553911.8637509346,[None 'horizontal_flip' 'vertical_flip' 'rotation' 'transpose' 'elastic_transformation' 'grid_distortion' 'optical_distortion' 'color_transfer' 'inpainting']
ORCA__Size-640x640_Epoch-78_Images-4181_Batch-1__random_9_operations_all.pth,random_9_operations,train,78,0.22135489414868115,0.9070912907255299,637199335,916228607,72391878,86717780,2024-10-24 06:16:36.445986,561117.6312162876,[None 'horizontal_flip' 'vertical_flip' 'rotation' 'transpose' 'elastic_transformation' 'grid_distortion' 'optical_distortion' 'color_transfer' 'inpainting']
ORCA__Size-640x640_Epoch-78_Images-4181_Batch-1__random_9_operations_all.pth,random_9_operations,test,78,0.3442278754021586,0.8601193123570375,636484087,942194037,119096301,137643175,2024-10-24 06:16:36.446018,561117.6312162876,[None 'horizontal_flip' 'vertical_flip' 'rotation' 'transpose' 'elastic_transformation' 'grid_distortion' 'optical_distortion' 'color_transfer' 'inpainting']
ORCA__Size-640x640_Epoch-79_Images-4181_Batch-1__random_9_operations_all.pth,random_9_operations,train,79,0.21724476611909507,0.9094279862818788,639757578,917672043,69923003,85184976,2024-10-24 08:16:42.781219,568323.9664514065,[None 'horizontal_flip' 'vertical_flip' 'rotation' 'transpose' 'elastic_transformation' 'grid_distortion' 'optical_distortion' 'color_transfer' 'inpainting']
ORCA__Size-640x640_Epoch-79_Images-4181_Batch-1__random_9_operations_all.pth,random_9_operations,test,79,0.3668378522639142,0.85466526200904,654110957,914556707,101469431,165280505,2024-10-24 08:16:42.781251,568323.9664514065,[None 'horizontal_flip' 'vertical_flip' 'rotation' 'transpose' 'elastic_transformation' 'grid_distortion' 'optical_distortion' 'color_transfer' 'inpainting']
ORCA__Size-640x640_Epoch-80_Images-4181_Batch-1__random_9_operations_all.pth,random_9_operations,train,80,0.21620680224528818,0.9100093650498524,642472433,915952821,69146057,84966289,2024-10-24 10:16:39.158895,575520.3441269398,[None 'horizontal_flip' 'vertical_flip' 'rotation' 'transpose' 'elastic_transformation' 'grid_distortion' 'optical_distortion' 'color_transfer' 'inpainting']
ORCA__Size-640x640_Epoch-80_Images-4181_Batch-1__random_9_operations_all.pth,random_9_operations,test,80,0.3510984655520992,0.8540794503659563,652168977,915423478,103411411,164413734,2024-10-24 10:16:39.158926,575520.3441269398,[None 'horizontal_flip' 'vertical_flip' 'rotation' 'transpose' 'elastic_transformation' 'grid_distortion' 'optical_distortion' 'color_transfer' 'inpainting']
ORCA__Size-640x640_Epoch-81_Images-4181_Batch-1__random_9_operations_all.pth,random_9_operations,train,81,0.21760874022610802,0.9094414616064507,637735238,919717460,71862097,83222805,2024-10-24 12:16:39.094559,582720.2797899246,[None 'horizontal_flip' 'vertical_flip' 'rotation' 'transpose' 'elastic_transformation' 'grid_distortion' 'optical_distortion' 'color_transfer' 'inpainting']
ORCA__Size-640x640_Epoch-81_Images-4181_Batch-1__random_9_operations_all.pth,random_9_operations,test,81,0.362215583101792,0.8555909134793079,643437091,926929530,112143297,152907682,2024-10-24 12:16:39.094591,582720.2797899246,[None 'horizontal_flip' 'vertical_flip' 'rotation' 'transpose' 'elastic_transformation' 'grid_distortion' 'optical_distortion' 'color_transfer' 'inpainting']
ORCA__Size-640x640_Epoch-82_Images-4181_Batch-1__random_9_operations_all.pth,random_9_operations,train,82,0.21327997332100967,0.9112917293027605,641721870,918899481,69881993,82034256,2024-10-24 14:16:33.308934,589914.4941661358,[None 'horizontal_flip' 'vertical_flip' 'rotation' 'transpose' 'elastic_transformation' 'grid_distortion' 'optical_distortion' 'color_transfer' 'inpainting']
ORCA__Size-640x640_Epoch-82_Images-4181_Batch-1__random_9_operations_all.pth,random_9_operations,test,82,0.37057284673233615,0.8523838705698387,647802290,916678068,107778098,163159144,2024-10-24 14:16:33.308966,589914.4941661358,[None 'horizontal_flip' 'vertical_flip' 'rotation' 'transpose' 'elastic_transformation' 'grid_distortion' 'optical_distortion' 'color_transfer' 'inpainting']
ORCA__Size-640x640_Epoch-83_Images-4181_Batch-1__random_9_operations_all.pth,random_9_operations,train,83,0.22075725323662604,0.907774281277093,638709773,915887816,71973487,85966524,2024-10-24 16:16:52.026206,597133.211438179,[None 'horizontal_flip' 'vertical_flip' 'rotation' 'transpose' 'elastic_transformation' 'grid_distortion' 'optical_distortion' 'color_transfer' 'inpainting']
ORCA__Size-640x640_Epoch-83_Images-4181_Batch-1__random_9_operations_all.pth,random_9_operations,test,83,0.34607682735974055,0.8585587029349623,638918148,936895606,116662240,142941606,2024-10-24 16:16:52.026239,597133.211438179,[None 'horizontal_flip' 'vertical_flip' 'rotation' 'transpose' 'elastic_transformation' 'grid_distortion' 'optical_distortion' 'color_transfer' 'inpainting']
ORCA__Size-640x640_Epoch-84_Images-4181_Batch-1__random_9_operations_all.pth,random_9_operations,train,84,0.2212725870084583,0.9085555925896178,636393439,919542175,73620237,82981749,2024-10-24 18:16:51.147664,604332.3328959942,[None 'horizontal_flip' 'vertical_flip' 'rotation' 'transpose' 'elastic_transformation' 'grid_distortion' 'optical_distortion' 'color_transfer' 'inpainting']
ORCA__Size-640x640_Epoch-84_Images-4181_Batch-1__random_9_operations_all.pth,random_9_operations,test,84,0.35621049189954646,0.8555621685223029,645483611,924830251,110096777,155006961,2024-10-24 18:16:51.147695,604332.3328959942,[None 'horizontal_flip' 'vertical_flip' 'rotation' 'transpose' 'elastic_transformation' 'grid_distortion' 'optical_distortion' 'color_transfer' 'inpainting']
ORCA__Size-640x640_Epoch-85_Images-4181_Batch-1__random_9_operations_all.pth,random_9_operations,train,85,0.2125196655151581,0.910853306228137,639551096,920319439,69055416,83611649,2024-10-24 20:16:34.775725,611515.9609565735,[None 'horizontal_flip' 'vertical_flip' 'rotation' 'transpose' 'elastic_transformation' 'grid_distortion' 'optical_distortion' 'color_transfer' 'inpainting']
ORCA__Size-640x640_Epoch-85_Images-4181_Batch-1__random_9_operations_all.pth,random_9_operations,test,85,0.3513499504314597,0.8574927787550896,641865546,931991792,113714842,147845420,2024-10-24 20:16:34.775757,611515.9609565735,[None 'horizontal_flip' 'vertical_flip' 'rotation' 'transpose' 'elastic_transformation' 'grid_distortion' 'optical_distortion' 'color_transfer' 'inpainting']
ORCA__Size-640x640_Epoch-86_Images-4181_Batch-1__random_9_operations_all.pth,random_9_operations,train,86,0.21479819073102943,0.9101676442023817,642218702,916477611,70092615,83748672,2024-10-24 22:16:39.416881,618720.6021132469,[None 'horizontal_flip' 'vertical_flip' 'rotation' 'transpose' 'elastic_transformation' 'grid_distortion' 'optical_distortion' 'color_transfer' 'inpainting']
ORCA__Size-640x640_Epoch-86_Images-4181_Batch-1__random_9_operations_all.pth,random_9_operations,test,86,0.36492497497144694,0.8564129618240585,618001624,953873799,137578764,125963413,2024-10-24 22:16:39.416913,618720.6021132469,[None 'horizontal_flip' 'vertical_flip' 'rotation' 'transpose' 'elastic_transformation' 'grid_distortion' 'optical_distortion' 'color_transfer' 'inpainting']
ORCA__Size-640x640_Epoch-87_Images-4181_Batch-1__random_9_operations_all.pth,random_9_operations,train,87,0.2154435747950662,0.9097120635482688,638757242,919158872,70883842,83737644,2024-10-25 00:16:38.833305,625920.0185368061,[None 'horizontal_flip' 'vertical_flip' 'rotation' 'transpose' 'elastic_transformation' 'grid_distortion' 'optical_distortion' 'color_transfer' 'inpainting']
ORCA__Size-640x640_Epoch-87_Images-4181_Batch-1__random_9_operations_all.pth,random_9_operations,test,87,0.3608406096954781,0.8621511409719508,633392652,949014726,122187736,130822486,2024-10-25 00:16:38.833337,625920.0185368061,[None 'horizontal_flip' 'vertical_flip' 'rotation' 'transpose' 'elastic_transformation' 'grid_distortion' 'optical_distortion' 'color_transfer' 'inpainting']
ORCA__Size-640x640_Epoch-88_Images-4181_Batch-1__random_9_operations_all.pth,random_9_operations,train,88,0.21515689928048304,0.9097285361792931,639265487,918678837,71054921,83538355,2024-10-25 02:16:37.781041,633118.9662723541,[None 'horizontal_flip' 'vertical_flip' 'rotation' 'transpose' 'elastic_transformation' 'grid_distortion' 'optical_distortion' 'color_transfer' 'inpainting']
ORCA__Size-640x640_Epoch-88_Images-4181_Batch-1__random_9_operations_all.pth,random_9_operations,test,88,0.39585513915238735,0.8529439196834566,605104784,960403498,150475604,119433714,2024-10-25 02:16:37.781073,633118.9662723541,[None 'horizontal_flip' 'vertical_flip' 'rotation' 'transpose' 'elastic_transformation' 'grid_distortion' 'optical_distortion' 'color_transfer' 'inpainting']
ORCA__Size-640x640_Epoch-89_Images-4181_Batch-1__random_9_operations_all.pth,random_9_operations,train,89,0.21265009554175188,0.9102576066067125,638042720,920807657,71420304,82266919,2024-10-25 04:16:18.442542,640299.6277725697,[None 'horizontal_flip' 'vertical_flip' 'rotation' 'transpose' 'elastic_transformation' 'grid_distortion' 'optical_distortion' 'color_transfer' 'inpainting']
ORCA__Size-640x640_Epoch-89_Images-4181_Batch-1__random_9_operations_all.pth,random_9_operations,test,89,0.3630178669885115,0.8562941419979867,644656507,927000832,110923881,152836380,2024-10-25 04:16:18.442574,640299.6277725697,[None 'horizontal_flip' 'vertical_flip' 'rotation' 'transpose' 'elastic_transformation' 'grid_distortion' 'optical_distortion' 'color_transfer' 'inpainting']
ORCA__Size-640x640_Epoch-90_Images-4181_Batch-1__random_9_operations_all.pth,random_9_operations,train,90,0.212799851686475,0.9111162733010939,640456686,919864190,70185044,82031680,2024-10-25 06:16:11.603373,647492.7886040211,[None 'horizontal_flip' 'vertical_flip' 'rotation' 'transpose' 'elastic_transformation' 'grid_distortion' 'optical_distortion' 'color_transfer' 'inpainting']
ORCA__Size-640x640_Epoch-90_Images-4181_Batch-1__random_9_operations_all.pth,random_9_operations,test,90,0.3428457259956317,0.8625789945568801,648579995,934612673,107000393,145224539,2024-10-25 06:16:11.603406,647492.7886040211,[None 'horizontal_flip' 'vertical_flip' 'rotation' 'transpose' 'elastic_transformation' 'grid_distortion' 'optical_distortion' 'color_transfer' 'inpainting']
ORCA__Size-640x640_Epoch-91_Images-4181_Batch-1__random_9_operations_all.pth,random_9_operations,train,91,0.2128649484074096,0.9108440754819038,640068539,919786188,70128162,82554711,2024-10-25 08:16:13.387390,654694.5726220608,[None 'horizontal_flip' 'vertical_flip' 'rotation' 'transpose' 'elastic_transformation' 'grid_distortion' 'optical_distortion' 'color_transfer' 'inpainting']
ORCA__Size-640x640_Epoch-91_Images-4181_Batch-1__random_9_operations_all.pth,random_9_operations,test,91,0.35049677226840836,0.8576380950035555,655484845,918639209,100095543,161198003,2024-10-25 08:16:13.387422,654694.5726220608,[None 'horizontal_flip' 'vertical_flip' 'rotation' 'transpose' 'elastic_transformation' 'grid_distortion' 'optical_distortion' 'color_transfer' 'inpainting']
ORCA__Size-640x640_Epoch-92_Images-4181_Batch-1__random_9_operations_all.pth,random_9_operations,train,92,0.21338457817850376,0.911604256163486,639838240,921318325,69752757,81628278,2024-10-25 10:16:19.696479,661900.8817100525,[None 'horizontal_flip' 'vertical_flip' 'rotation' 'transpose' 'elastic_transformation' 'grid_distortion' 'optical_distortion' 'color_transfer' 'inpainting']
ORCA__Size-640x640_Epoch-92_Images-4181_Batch-1__random_9_operations_all.pth,random_9_operations,test,92,0.35266386403779515,0.8601487879379605,646272851,932459373,109307537,147377839,2024-10-25 10:16:19.696511,661900.8817100525,[None 'horizontal_flip' 'vertical_flip' 'rotation' 'transpose' 'elastic_transformation' 'grid_distortion' 'optical_distortion' 'color_transfer' 'inpainting']
ORCA__Size-640x640_Epoch-93_Images-4181_Batch-1__random_9_operations_all.pth,random_9_operations,train,93,0.2120501906447164,0.9107593059562614,640422135,919287421,70409818,82418226,2024-10-25 12:16:16.300224,669097.4854533672,[None 'horizontal_flip' 'vertical_flip' 'rotation' 'transpose' 'elastic_transformation' 'grid_distortion' 'optical_distortion' 'color_transfer' 'inpainting']
ORCA__Size-640x640_Epoch-93_Images-4181_Batch-1__random_9_operations_all.pth,random_9_operations,test,93,0.35725558595924106,0.8560101815521444,645734057,925402096,109846331,154435116,2024-10-25 12:16:16.300256,669097.4854533672,[None 'horizontal_flip' 'vertical_flip' 'rotation' 'transpose' 'elastic_transformation' 'grid_distortion' 'optical_distortion' 'color_transfer' 'inpainting']
ORCA__Size-640x640_Epoch-94_Images-4181_Batch-1__random_9_operations_all.pth,random_9_operations,train,94,0.21856693672329786,0.9097060537532159,636875567,921030255,73099356,81532422,2024-10-25 14:16:14.987688,676296.1729195118,[None 'horizontal_flip' 'vertical_flip' 'rotation' 'transpose' 'elastic_transformation' 'grid_distortion' 'optical_distortion' 'color_transfer' 'inpainting']
ORCA__Size-640x640_Epoch-94_Images-4181_Batch-1__random_9_operations_all.pth,random_9_operations,test,94,0.3493364143403132,0.8624482221375679,654052507,928900139,101527881,150937073,2024-10-25 14:16:14.987721,676296.1729195118,[None 'horizontal_flip' 'vertical_flip' 'rotation' 'transpose' 'elastic_transformation' 'grid_distortion' 'optical_distortion' 'color_transfer' 'inpainting']
ORCA__Size-640x640_Epoch-95_Images-4181_Batch-1__random_9_operations_all.pth,random_9_operations,train,95,0.21007549478155663,0.9136068755512303,641458155,923127971,69115422,78836052,2024-10-25 16:16:18.466534,683499.6517653465,[None 'horizontal_flip' 'vertical_flip' 'rotation' 'transpose' 'elastic_transformation' 'grid_distortion' 'optical_distortion' 'color_transfer' 'inpainting']
ORCA__Size-640x640_Epoch-95_Images-4181_Batch-1__random_9_operations_all.pth,random_9_operations,test,95,0.3478686610415297,0.8589101117914542,653705977,922752759,101874411,157084453,2024-10-25 16:16:18.466565,683499.6517653465,[None 'horizontal_flip' 'vertical_flip' 'rotation' 'transpose' 'elastic_transformation' 'grid_distortion' 'optical_distortion' 'color_transfer' 'inpainting']
ORCA__Size-640x640_Epoch-96_Images-4181_Batch-1__random_9_operations_all.pth,random_9_operations,train,96,0.21403908533484872,0.9111844312206602,639772836,920664763,69988555,82111446,2024-10-25 18:16:25.585900,690706.7711327076,[None 'horizontal_flip' 'vertical_flip' 'rotation' 'transpose' 'elastic_transformation' 'grid_distortion' 'optical_distortion' 'color_transfer' 'inpainting']
ORCA__Size-640x640_Epoch-96_Images-4181_Batch-1__random_9_operations_all.pth,random_9_operations,test,96,0.3605886366249712,0.8582448163295351,636541589,938696052,119038799,141141160,2024-10-25 18:16:25.585932,690706.7711327076,[None 'horizontal_flip' 'vertical_flip' 'rotation' 'transpose' 'elastic_transformation' 'grid_distortion' 'optical_distortion' 'color_transfer' 'inpainting']
ORCA__Size-640x640_Epoch-97_Images-4181_Batch-1__random_9_operations_all.pth,random_9_operations,train,97,0.21345157016100885,0.9109772007341619,640629870,919452839,69487295,82967596,2024-10-25 20:16:23.129986,697904.3152182102,[None 'horizontal_flip' 'vertical_flip' 'rotation' 'transpose' 'elastic_transformation' 'grid_distortion' 'optical_distortion' 'color_transfer' 'inpainting']
ORCA__Size-640x640_Epoch-97_Images-4181_Batch-1__random_9_operations_all.pth,random_9_operations,test,97,0.36399279758650593,0.8538686008023457,636560025,930645433,119020363,149191779,2024-10-25 20:16:23.130018,697904.3152182102,[None 'horizontal_flip' 'vertical_flip' 'rotation' 'transpose' 'elastic_transformation' 'grid_distortion' 'optical_distortion' 'color_transfer' 'inpainting']
ORCA__Size-640x640_Epoch-98_Images-4181_Batch-1__random_9_operations_all.pth,random_9_operations,train,98,0.21217033127730706,0.9118953767788804,641419354,920235766,68884881,81997599,2024-10-25 22:16:14.669557,705095.8547885418,[None 'horizontal_flip' 'vertical_flip' 'rotation' 'transpose' 'elastic_transformation' 'grid_distortion' 'optical_distortion' 'color_transfer' 'inpainting']
ORCA__Size-640x640_Epoch-98_Images-4181_Batch-1__random_9_operations_all.pth,random_9_operations,test,98,0.37583387952039793,0.853544545938756,632431446,934179236,123148942,145657976,2024-10-25 22:16:14.669588,705095.8547885418,[None 'horizontal_flip' 'vertical_flip' 'rotation' 'transpose' 'elastic_transformation' 'grid_distortion' 'optical_distortion' 'color_transfer' 'inpainting']
ORCA__Size-640x640_Epoch-99_Images-4181_Batch-1__random_9_operations_all.pth,random_9_operations,train,99,0.20519144583844695,0.9142108342613895,643572062,922048366,66933252,79983920,2024-10-26 00:16:09.923226,712291.1084573269,[None 'horizontal_flip' 'vertical_flip' 'rotation' 'transpose' 'elastic_transformation' 'grid_distortion' 'optical_distortion' 'color_transfer' 'inpainting']
ORCA__Size-640x640_Epoch-99_Images-4181_Batch-1__random_9_operations_all.pth,random_9_operations,test,99,0.36872200006415934,0.8577778626509832,638547471,935833115,117032917,144004097,2024-10-26 00:16:09.923259,712291.1084573269,[None 'horizontal_flip' 'vertical_flip' 'rotation' 'transpose' 'elastic_transformation' 'grid_distortion' 'optical_distortion' 'color_transfer' 'inpainting']
ORCA__Size-640x640_Epoch-100_Images-4181_Batch-1__random_9_operations_all.pth,random_9_operations,train,100,0.2098326200104757,0.9123156279897161,642003663,920371153,67803075,82359709,2024-10-26 02:16:23.121654,719504.3068852425,[None 'horizontal_flip' 'vertical_flip' 'rotation' 'transpose' 'elastic_transformation' 'grid_distortion' 'optical_distortion' 'color_transfer' 'inpainting']
ORCA__Size-640x640_Epoch-100_Images-4181_Batch-1__random_9_operations_all.pth,random_9_operations,test,100,0.37745881084591953,0.8486658660132714,607058886,950597381,148521502,129239831,2024-10-26 02:16:23.121686,719504.3068852425,[None 'horizontal_flip' 'vertical_flip' 'rotation' 'transpose' 'elastic_transformation' 'grid_distortion' 'optical_distortion' 'color_transfer' 'inpainting']
